name,email,description
Acme Corp,info@acmecorp.com,Leading supplier of industrial products
Tech Innovators,support@techinnovators.com,Cutting-edge technology solutions
GreenGrocer,contact@greengrocer.com,Organic and sustainable grocery store
Urban Outfitters,sales@urbanoutfitters.com,Fashion and lifestyle retailer
FreshBites,fresh@freshbites.com,Healthy meal delivery service
Global Traders,info@globaltraders.com,International trading company
EcoWear,service@ecowear.com,Sustainable fashion brand
QuickFix Repairs,help@quickfix.com,Home repair and maintenance services
HappyPaws,care@happypaws.com,Pet care and grooming services
CityBooks,sales@citybooks.com,Independent bookstore
Elite Fitness,contact@elitefitness.com,High-end fitness and wellness center
TechWave,info@techwave.com,IT services and consulting
Sunshine Travel,bookings@sunshinetravel.com,Tourism and travel agency
EcoGarden,info@ecogarden.com,Organic gardening supplies
Gourmet Delight,support@gourmetdelight.com,Specialty food and beverages
SmartHome Solutions,service@smarthome.com,Home automation services
Active Sports,info@activesports.com,Sporting goods and equipment
ZenSpa,relax@zenspa.com,Luxury spa and wellness retreat
Bright Ideas,contact@brightideas.com,Creative design and marketing agency
HealthyHabits,info@healthyhabits.com,Health and wellness coaching
Tech Savvy,support@techsavvy.com,Consumer electronics retailer
Green Energy,info@greenenergy.com,Renewable energy solutions
The Coffee Spot,contact@coffeespot.com,Specialty coffee shop
Chic Boutique,sales@chicboutique.com,Fashion boutique
Urban Garden,info@urbangarden.com,Indoor and outdoor gardening supplies
AutoMaster,service@automaster.com,Auto repair and maintenance services
Fresh Start,support@freshstart.com,Cleaning and home organization services
Perfect Pixels,info@perfectpixels.com,Photography and digital art services
Bright Beginnings,info@brightbeginnings.com,Childcare and early education center
Fitness First,contact@fitnessfirst.com,Fitness and personal training services
Tech Titans,support@techtitans.com,IT infrastructure and cloud services
Nature's Way,info@naturesway.com,Natural health and wellness products
City Cycles,sales@citycycles.com,Bicycle sales and repair services
Urban Eats,contact@urbaneats.com,Gourmet food delivery service
Clean Living,info@cleanliving.com,Green cleaning products and services
Crafts & Creations,sales@craftsandcreations.com,Handmade crafts and artisan goods
Solar Solutions,info@solarsolutions.com,Solar power installation services
Happy Home,contact@happyhome.com,Home decor and furnishings
Bright Minds,info@brightminds.com,Educational toys and games
Go Green,support@gogreen.com,Environmentally friendly products
The Gadget Shop,info@gadgetshop.com,Electronics and gadgets retailer
Urban Vibes,sales@urbanvibes.com,Trendy fashion and accessories
Fresh Flowers,contact@freshflowers.com,Online flower delivery service
Perfect Pets,info@perfectpets.com,Pet food and accessories retailer
Clean Sweep,support@cleansweep.com,Professional cleaning services
Healthy Home,info@healthyhome.com,Healthy living products for the home
Tech Trends,support@techtrends.com,Latest in consumer technology
City Eats,sales@cityeats.com,Urban food delivery service
Urban Escape,info@urbanescape.com,City-based travel and adventure experiences
Bright Smiles,contact@brightsmiles.com,Dental care and oral hygiene products
Happy Health,info@happyhealth.com,Health supplements and wellness products
Fresh Produce,contact@freshproduce.com,Local and organic fruits and vegetables
Eco-Friendly Goods,info@ecofriendlygoods.com,Sustainable household products
City Lights,support@citylights.com,Urban lifestyle and entertainment
Urban Crafts,info@urbancrafts.com,Handmade urban art and crafts
Green Planet,contact@greenplanet.com,Eco-conscious lifestyle products
The Fitness Hub,info@fitnesshub.com,Fitness equipment and gear
Tech World,sales@techworld.com,Consumer electronics and tech accessories
Nature's Best,info@naturesbest.com,Organic and natural foods
Fresh Start Fitness,contact@freshstartfitness.com,Personalized fitness programs
Urban Living,info@urbanliving.com,Modern home furnishings and decor
The Green Room,support@greenroom.com,Eco-friendly home improvement products
Happy Hearts,contact@happyhearts.com,Organic and natural baby products
The Travel Hub,info@travelhub.com,Global travel and booking services
Bright Days,info@brightdays.com,Sun protection and outdoor gear
Urban Fresh,contact@urbanfresh.com,Farm-to-table food delivery service
Healthy Bites,support@healthybites.com,Healthy snacks and meal options
GreenLife,info@greenlife.com,Organic and sustainable living products
Perfect Prints,sales@perfectprints.com,Custom printing and design services
Urban Flavors,info@urbanflavors.com,Gourmet food and beverages
City Comforts,contact@citycomforts.com,Urban living and lifestyle products
Eco Shop,support@ecoshop.com,Sustainable shopping online
Urban Trends,info@urbantrends.com,Trendy urban fashion and accessories
Tech Masters,sales@techmasters.com,Advanced technology solutions
Green Grove,contact@greengrove.com,Organic and eco-friendly products
Fresh Market,info@freshmarket.com,Local and organic grocery delivery
Happy Hour,contact@happyhour.com,Online wine and spirits retailer
Urban Style,info@urbanstyle.com,Contemporary urban fashion
Green Solutions,support@greensolutions.com,Sustainable living products and services
City Fitness,info@cityfitness.com,Urban fitness and wellness center
Urban Eats,contact@urbaneats.com,Gourmet urban food delivery
Bright Horizons,support@brighthorizons.com,Childcare and early education services
Eco Chic,info@ecochic.com,Sustainable fashion and accessories
Green Thumb,contact@greenthumb.com,Gardening and horticultural supplies
Urban Groove,info@urbangroove.com,Trendy music and entertainment
Healthy Planet,support@healthyplanet.com,Natural health and wellness products
The Coffee Bean,info@coffeebean.com,Specialty coffee and tea retailer
Tech Savvy,sales@techsavvy.com,Consumer electronics and gadgets
Urban Style,info@urbanstyle.com,Urban fashion and accessories
Happy Kids,contact@happykids.com,Children's toys and games
Green Earth,info@greenearth.com,Sustainable and eco-friendly products
City Gourmet,support@citygourmet.com,Urban gourmet food and dining experiences
Bright Spaces,info@brightspaces.com,Modern home and office furnishings
Urban Crafters,contact@urbancrafters.com,Handmade urban crafts and designs
The Fitness Spot,support@fitnessspot.com,Fitness and personal training services
Green Living,info@greenliving.com,Eco-friendly and sustainable living products
Urban Eats,sales@urbaneats.com,Urban dining and food delivery services
